想做好爸爸 美眾院議長宣布不參選連任,震撼彈！川普當家 美眾院議長宣布不競選連任,沙國成功攔截 飛越首都上空飛彈,俄羅斯籲各方克制 避免敘利亞情勢惡化,美參院作證安然過關 祖克柏今眾院再戰,國民黨高雄市長提名 一個月內民調定勝負
路透社：利雅德市區傳出3響爆炸,為中國偵搜西藏流亡人士 瑞典起訴1男,沙國：利雅德上空攔截到1枚飛彈,敘國用化武各方對峙升溫 UN籲克制,敘國化武疑雲美俄反目 各方力防情勢惡化,想做好爸爸 美眾院議長宣布不參選連任
川普：美俄關係比冷戰時期更糟,川普：美俄關係比以往更糟,俄羅斯籲各方克制 避免敘利亞情勢惡化,俄羅斯籲各方克制 避免敘利亞情勢惡化,震撼彈！川普當家 美眾院議長宣布不競選連任,敘國用化武各方對峙升溫 UN籲克制
亞塞拜然提前大選 強人總統料繼續執政,想做好爸爸 美眾院議長宣布不參選連任,路透社：利雅德市區傳出3響爆炸,川普：美俄關係比冷戰時期更糟,俄羅斯籲各方克制 避免敘利亞情勢惡化,為中國偵搜西藏流亡人士 瑞典起訴1男
俄羅斯籲各方克制 避免敘利亞情勢惡化,俄羅斯籲各方克制 避免敘利亞情勢惡化,美參院作證安然過關 祖克柏今眾院再戰,美參院作證安然過關 祖克柏今眾院再戰,川普嗆射飛彈 俄羅斯：應鎖定敘反抗軍,川普嗆射飛彈 俄羅斯：應鎖定敘反抗軍
為中國偵搜西藏流亡人士 瑞典起訴1男,路透社：利雅德市區傳出3響爆炸,沙國：利雅德上空攔截到1枚飛彈,敘國用化武各方對峙升溫 UN籲克制,敘化攻疑雲 川普飛彈威脅引各界譁然,敘國化武疑雲美俄反目 各方力防情勢惡化
俄羅斯籲各方克制 避免敘利亞情勢惡化,俄羅斯籲各方克制 避免敘利亞情勢惡化,川普嗆射飛彈 俄羅斯：應鎖定敘反抗軍,美參院作證安然過關 祖克柏今眾院再戰,敘化攻疑雲 川普飛彈威脅引各界譁然,美參院作證安然過關 祖克柏今眾院再戰
震撼彈！川普當家 美眾院議長宣布不競選連任,想做好爸爸 美眾院議長宣布不參選連任,沙國：利雅德上空攔截到1枚飛彈,川普：美俄關係比冷戰時期更糟,廈門推對台60條措施 陸委會：不是單方開放即可,敘化攻疑雲 川普飛彈威脅引各界譁然
敘化攻疑雲 川普飛彈威脅引各界譁然,川普：美俄關係比以往更糟,敘國用化武各方對峙升溫 UN籲克制,敘國化武疑雲美俄反目 各方力防情勢惡化,美參院作證安然過關 祖克柏今眾院再戰,俄羅斯籲各方克制 避免敘利亞情勢惡化
政院拍板軍人年改方案　樓地板38990元　起支俸率55％加2％,軍人年改拍板》樓地板38990元 約5成退役軍人受衝擊,毀柯沒用 蕭亞譚北市議員初選民調墊底,國防部：國防安全研究院5/1掛牌運作,蔡英文登壇拜將 蘇貞昌民調馬上超過侯友宜？,黑柯民調墊底 蕭亞譚：數據與社會認知「差異太大」
國防部：國防安全研究院5/1掛牌運作,毀柯沒用 蕭亞譚北市議員初選民調墊底,黑柯民調墊底 蕭亞譚：數據與社會認知「差異太大」,政院拍板軍人年改方案　樓地板38990元　起支俸率55％加2％,亞塞拜然提前大選 強人總統料繼續執政,俄羅斯籲各方克制 避免敘利亞情勢惡化
國民黨高雄市長提名 一個月內民調定勝負,出口旺盛及內需擴大 亞銀估越南GDP成長7.1%,賴正庸質疑民調加權 不排除脫黨參選,兒童遊戲場修法規範 立委提案優先排審,想做好爸爸 美眾院議長宣布不參選連任,俄羅斯籲各方克制 避免敘利亞情勢惡化
毀柯沒用 蕭亞譚北市議員初選民調墊底,黑柯民調墊底 蕭亞譚：數據與社會認知「差異太大」,國防部：國防安全研究院5/1掛牌運作,政院拍板軍人年改方案　樓地板38990元　起支俸率55％加2％,亞塞拜然提前大選 強人總統料繼續執政,俄羅斯籲各方克制 避免敘利亞情勢惡化
輸蘇貞昌0.9趴? 侯友宜反擊:年底選舉是對民進黨完全執政的滿意度投票,蔡英文登壇拜將 蘇貞昌民調馬上超過侯友宜？,路透社：利雅德市區傳出3響爆炸,川普：美俄關係比冷戰時期更糟,亞塞拜然提前大選 強人總統料繼續執政,俄羅斯籲各方克制 避免敘利亞情勢惡化
兒童遊戲場修法規範 立委提案優先排審,國民黨高雄市長提名 一個月內民調定勝負,出口旺盛及內需擴大 亞銀估越南GDP成長7.1%,賴正庸質疑民調加權 不排除脫黨參選,想做好爸爸 美眾院議長宣布不參選連任,俄羅斯籲各方克制 避免敘利亞情勢惡化
"蒜頭""價崩"" 雲縣長邀小嫻幫促銷",想做好爸爸 美眾院議長宣布不參選連任,路透社：利雅德市區傳出3響爆炸,川普：美俄關係比冷戰時期更糟,亞塞拜然提前大選 強人總統料繼續執政,俄羅斯籲各方克制 避免敘利亞情勢惡化
蔡英文登壇拜將 蘇貞昌民調馬上超過侯友宜？,軍人年改拍板》樓地板38990元 約5成退役軍人受衝擊,輸蘇貞昌0.9趴? 侯友宜反擊:年底選舉是對民進黨完全執政的滿意度投票,財團法人法藍綠同意排除宗教　柯建銘酸藍委「菁英」不識字,供應商準備搶單：特斯拉新車Model Y預計明年11月量產,政院拍板軍人年改方案　樓地板38990元　起支俸率55％加2％
黑柯民調墊底 蕭亞譚：數據與社會認知「差異太大」,毀柯沒用 蕭亞譚北市議員初選民調墊底,國防部：國防安全研究院5/1掛牌運作,政院拍板軍人年改方案　樓地板38990元　起支俸率55％加2％,亞塞拜然提前大選 強人總統料繼續執政,俄羅斯籲各方克制 避免敘利亞情勢惡化
敘國用化武各方對峙升溫 UN籲克制,敘國化武疑雲美俄反目 各方力防情勢惡化,敘化攻疑雲 川普飛彈威脅引各界譁然,路透社：利雅德市區傳出3響爆炸,沙國：利雅德上空攔截到1枚飛彈,川普：美俄關係比以往更糟
沙國：利雅德上空攔截到1枚飛彈,路透社：利雅德市區傳出3響爆炸,敘化攻疑雲 川普飛彈威脅引各界譁然,為中國偵搜西藏流亡人士 瑞典起訴1男,敘國用化武各方對峙升溫 UN籲克制,震撼彈！川普當家 美眾院議長宣布不競選連任
廈門推對台60條措施 陸委會：不是單方開放即可,川普：美俄關係比冷戰時期更糟,震撼彈！川普當家 美眾院議長宣布不競選連任,想做好爸爸 美眾院議長宣布不參選連任,亞塞拜然提前大選 強人總統料繼續執政,俄羅斯籲各方克制 避免敘利亞情勢惡化
政策接地氣 國發會20日約新創業座談,想做好爸爸 美眾院議長宣布不參選連任,路透社：利雅德市區傳出3響爆炸,川普：美俄關係比冷戰時期更糟,亞塞拜然提前大選 強人總統料繼續執政,俄羅斯籲各方克制 避免敘利亞情勢惡化
川普：美俄關係比以往更糟,川普：美俄關係比冷戰時期更糟,敘化攻疑雲 川普飛彈威脅引各界譁然,敘國用化武各方對峙升溫 UN籲克制,敘國化武疑雲美俄反目 各方力防情勢惡化,俄羅斯籲各方克制 避免敘利亞情勢惡化
美海軍羅斯福號航艦 抵菲訪問,想做好爸爸 美眾院議長宣布不參選連任,路透社：利雅德市區傳出3響爆炸,川普：美俄關係比冷戰時期更糟,亞塞拜然提前大選 強人總統料繼續執政,俄羅斯籲各方克制 避免敘利亞情勢惡化
川普嗆射飛彈 俄羅斯：應鎖定敘反抗軍,川普嗆射飛彈 俄羅斯：應鎖定敘反抗軍,俄羅斯籲各方克制 避免敘利亞情勢惡化,敘國化武疑雲美俄反目 各方力防情勢惡化,敘化攻疑雲 川普飛彈威脅引各界譁然,俄羅斯籲各方克制 避免敘利亞情勢惡化
美參院作證安然過關 祖克柏今眾院再戰,美參院作證安然過關 祖克柏今眾院再戰,俄羅斯籲各方克制 避免敘利亞情勢惡化,俄羅斯籲各方克制 避免敘利亞情勢惡化,沙國成功攔截 飛越首都上空飛彈,敘化攻疑雲 川普飛彈威脅引各界譁然
美參院作證安然過關 祖克柏今眾院再戰,美參院作證安然過關 祖克柏今眾院再戰,沙國成功攔截 飛越首都上空飛彈,俄羅斯籲各方克制 避免敘利亞情勢惡化,敘化攻疑雲 川普飛彈威脅引各界譁然,俄羅斯籲各方克制 避免敘利亞情勢惡化
川普嗆射飛彈 俄羅斯：應鎖定敘反抗軍,川普嗆射飛彈 俄羅斯：應鎖定敘反抗軍,俄羅斯籲各方克制 避免敘利亞情勢惡化,敘化攻疑雲 川普飛彈威脅引各界譁然,俄羅斯籲各方克制 避免敘利亞情勢惡化,敘國化武疑雲美俄反目 各方力防情勢惡化
沙國成功攔截 飛越首都上空飛彈,美參院作證安然過關 祖克柏今眾院再戰,美參院作證安然過關 祖克柏今眾院再戰,俄羅斯籲各方克制 避免敘利亞情勢惡化,敘化攻疑雲 川普飛彈威脅引各界譁然,川普嗆射飛彈 俄羅斯：應鎖定敘反抗軍
蔡坤龍觀點》「永遠的許世賢」 活躍於2018選舉,想做好爸爸 美眾院議長宣布不參選連任,路透社：利雅德市區傳出3響爆炸,川普：美俄關係比冷戰時期更糟,亞塞拜然提前大選 強人總統料繼續執政,俄羅斯籲各方克制 避免敘利亞情勢惡化
財團法人法藍綠同意排除宗教　柯建銘酸藍委「菁英」不識字,俄羅斯籲各方克制 避免敘利亞情勢惡化,蔡英文登壇拜將 蘇貞昌民調馬上超過侯友宜？,俄羅斯籲各方克制 避免敘利亞情勢惡化,亞塞拜然提前大選 強人總統料繼續執政,想做好爸爸 美眾院議長宣布不參選連任
敘國化武疑雲美俄反目 各方力防情勢惡化,敘國用化武各方對峙升溫 UN籲克制,敘化攻疑雲 川普飛彈威脅引各界譁然,尼日官員證實 德籍援助人員遭擄,川普嗆射飛彈 俄羅斯：應鎖定敘反抗軍,俄羅斯籲各方克制 避免敘利亞情勢惡化
以軍空襲加薩走廊 哈瑪斯戰士喪生,敘國化武疑雲美俄反目 各方力防情勢惡化,尼日官員證實 德籍援助人員遭擄,俄羅斯籲各方克制 避免敘利亞情勢惡化,俄羅斯籲各方克制 避免敘利亞情勢惡化,美參院作證安然過關 祖克柏今眾院再戰
尼日官員證實 德籍援助人員遭擄,敘國化武疑雲美俄反目 各方力防情勢惡化,俄羅斯籲各方克制 避免敘利亞情勢惡化,俄羅斯籲各方克制 避免敘利亞情勢惡化,美參院作證安然過關 祖克柏今眾院再戰,美參院作證安然過關 祖克柏今眾院再戰
軍人年改拍板》樓地板38990元 約5成退役軍人受衝擊,政院拍板軍人年改方案　樓地板38990元　起支俸率55％加2％,蔡英文登壇拜將 蘇貞昌民調馬上超過侯友宜？,供應商準備搶單：特斯拉新車Model Y預計明年11月量產,震撼彈！川普當家 美眾院議長宣布不競選連任,想做好爸爸 美眾院議長宣布不參選連任
供應商準備搶單：特斯拉新車Model Y預計明年11月量產,軍人年改拍板》樓地板38990元 約5成退役軍人受衝擊,敘化攻疑雲 川普飛彈威脅引各界譁然,沙國：利雅德上空攔截到1枚飛彈,蔡英文登壇拜將 蘇貞昌民調馬上超過侯友宜？,震撼彈！川普當家 美眾院議長宣布不競選連任
賴正庸質疑民調加權 不排除脫黨參選,國民黨高雄市長提名 一個月內民調定勝負,出口旺盛及內需擴大 亞銀估越南GDP成長7.1%,兒童遊戲場修法規範 立委提案優先排審,想做好爸爸 美眾院議長宣布不參選連任,俄羅斯籲各方克制 避免敘利亞情勢惡化
出口旺盛及內需擴大 亞銀估越南GDP成長7.1%,國民黨高雄市長提名 一個月內民調定勝負,賴正庸質疑民調加權 不排除脫黨參選,兒童遊戲場修法規範 立委提案優先排審,想做好爸爸 美眾院議長宣布不參選連任,俄羅斯籲各方克制 避免敘利亞情勢惡化
臉書依舊是營收大戶 分析師：趁下跌 買進,臉書依舊是營收大戶 分析師：趁下跌 買進,徐乃麟逆向違規全被拍 大嗆狗仔：就是故意不讓他跟到,浩子重返彰中！嘆和尚學校沒妹陪讀,金曲歌后結束宣傳超放縱　自爆喜歡超MAN男星,李敏鎬結束軍事訓練 明日返江南區廳上班
想做好爸爸 美眾院議長宣布不參選連任,震撼彈！川普當家 美眾院議長宣布不競選連任,徐乃麟逆向違規全被拍 大嗆狗仔：就是故意不讓他跟到,浩子重返彰中！嘆和尚學校沒妹陪讀,金曲歌后結束宣傳超放縱　自爆喜歡超MAN男星,李敏鎬結束軍事訓練 明日返江南區廳上班
徐乃麟逆向違規全被拍 大嗆狗仔：就是故意不讓他跟到,回應違規紅燈右轉　徐乃麟開嗆狗仔：不讓你跟,歡喜得子還宴客　離婚才知父親不是他,震撼彈！川普當家 美眾院議長宣布不競選連任,準台大生扮文青　狂撇「蘿莉控」形象,李敏鎬結束軍事訓練 明日返江南區廳上班
浩子重返彰中！嘆和尚學校沒妹陪讀,認了未婚生女！男星：小生命來的突然,想做好爸爸 美眾院議長宣布不參選連任,徐乃麟逆向違規全被拍 大嗆狗仔：就是故意不讓他跟到,金曲歌后結束宣傳超放縱　自爆喜歡超MAN男星,李敏鎬結束軍事訓練 明日返江南區廳上班
金曲歌后結束宣傳超放縱　自爆喜歡超MAN男星,鍾瑶不排斥跟吳慷仁合作：我的心態很正常,林志穎開千萬超跑上節目　張菲門口迎接,開價百萬要「能揉腰臀」　宛宛兒爆「議員」邀桌邊服務,回應違規紅燈右轉　徐乃麟開嗆狗仔：不讓你跟,震撼彈！川普當家 美眾院議長宣布不競選連任
李敏鎬結束軍事訓練 明日返江南區廳上班,尹正秀向全炫茂表不滿 稱隱瞞戀情太深,TWICE談飲食：近日愛上燉雞,徐乃麟逆向違規全被拍 大嗆狗仔：就是故意不讓他跟到,浩子重返彰中！嘆和尚學校沒妹陪讀,金曲歌后結束宣傳超放縱　自爆喜歡超MAN男星
[開箱] 13吋螢幕卻比A4還小、只有1.05公斤！『 HUAWEI MateBook X 』內外兼美的實用商務機,臉書依舊是營收大戶 分析師：趁下跌 買進,想做好爸爸 美眾院議長宣布不參選連任,徐乃麟逆向違規全被拍 大嗆狗仔：就是故意不讓他跟到,浩子重返彰中！嘆和尚學校沒妹陪讀,金曲歌后結束宣傳超放縱　自爆喜歡超MAN男星
尹正秀向全炫茂表不滿 稱隱瞞戀情太深,李敏鎬結束軍事訓練 明日返江南區廳上班,TWICE談飲食：近日愛上燉雞,徐乃麟逆向違規全被拍 大嗆狗仔：就是故意不讓他跟到,浩子重返彰中！嘆和尚學校沒妹陪讀,金曲歌后結束宣傳超放縱　自爆喜歡超MAN男星
TWICE談飲食：近日愛上燉雞,尹正秀向全炫茂表不滿 稱隱瞞戀情太深,李敏鎬結束軍事訓練 明日返江南區廳上班,徐乃麟逆向違規全被拍 大嗆狗仔：就是故意不讓他跟到,浩子重返彰中！嘆和尚學校沒妹陪讀,金曲歌后結束宣傳超放縱　自爆喜歡超MAN男星
臉書依舊是營收大戶 分析師：趁下跌 買進,臉書依舊是營收大戶 分析師：趁下跌 買進,想做好爸爸 美眾院議長宣布不參選連任,徐乃麟逆向違規全被拍 大嗆狗仔：就是故意不讓他跟到,浩子重返彰中！嘆和尚學校沒妹陪讀,金曲歌后結束宣傳超放縱　自爆喜歡超MAN男星
林志穎開千萬超跑上節目　張菲門口迎接,張菲與林志穎共飆千萬跑車　安妮獻吻男神縮了,鍾瑶不排斥跟吳慷仁合作：我的心態很正常,金曲歌后結束宣傳超放縱　自爆喜歡超MAN男星,回應違規紅燈右轉　徐乃麟開嗆狗仔：不讓你跟,開價百萬要「能揉腰臀」　宛宛兒爆「議員」邀桌邊服務
不是要菊姐來分擔責任　扁提醒蔡英文： 無私力挺才不會枉然,臉書依舊是營收大戶 分析師：趁下跌 買進,想做好爸爸 美眾院議長宣布不參選連任,徐乃麟逆向違規全被拍 大嗆狗仔：就是故意不讓他跟到,浩子重返彰中！嘆和尚學校沒妹陪讀,金曲歌后結束宣傳超放縱　自爆喜歡超MAN男星
張菲與林志穎共飆千萬跑車　安妮獻吻男神縮了,林志穎開千萬超跑上節目　張菲門口迎接,想做好爸爸 美眾院議長宣布不參選連任,徐乃麟逆向違規全被拍 大嗆狗仔：就是故意不讓他跟到,浩子重返彰中！嘆和尚學校沒妹陪讀,金曲歌后結束宣傳超放縱　自爆喜歡超MAN男星
鍾瑶不排斥跟吳慷仁合作：我的心態很正常,金曲歌后結束宣傳超放縱　自爆喜歡超MAN男星,林志穎開千萬超跑上節目　張菲門口迎接,開價百萬要「能揉腰臀」　宛宛兒爆「議員」邀桌邊服務,回應違規紅燈右轉　徐乃麟開嗆狗仔：不讓你跟,震撼彈！川普當家 美眾院議長宣布不競選連任
回應違規紅燈右轉　徐乃麟開嗆狗仔：不讓你跟,徐乃麟逆向違規全被拍 大嗆狗仔：就是故意不讓他跟到,林志穎開千萬超跑上節目　張菲門口迎接,鍾瑶不排斥跟吳慷仁合作：我的心態很正常,金曲歌后結束宣傳超放縱　自爆喜歡超MAN男星,開價百萬要「能揉腰臀」　宛宛兒爆「議員」邀桌邊服務
震撼彈！川普當家 美眾院議長宣布不競選連任,想做好爸爸 美眾院議長宣布不參選連任,鍾瑶不排斥跟吳慷仁合作：我的心態很正常,金曲歌后結束宣傳超放縱　自爆喜歡超MAN男星,徐乃麟逆向違規全被拍 大嗆狗仔：就是故意不讓他跟到,林志穎開千萬超跑上節目　張菲門口迎接
狂粉為泰勒絲搶銀行 還把鈔票丟進她別墅！,臉書依舊是營收大戶 分析師：趁下跌 買進,想做好爸爸 美眾院議長宣布不參選連任,徐乃麟逆向違規全被拍 大嗆狗仔：就是故意不讓他跟到,浩子重返彰中！嘆和尚學校沒妹陪讀,金曲歌后結束宣傳超放縱　自爆喜歡超MAN男星
新天地曬書節 回頭書三九折,臉書依舊是營收大戶 分析師：趁下跌 買進,想做好爸爸 美眾院議長宣布不參選連任,徐乃麟逆向違規全被拍 大嗆狗仔：就是故意不讓他跟到,浩子重返彰中！嘆和尚學校沒妹陪讀,金曲歌后結束宣傳超放縱　自爆喜歡超MAN男星
蔡坤龍觀點》「永遠的許世賢」 活躍於2018選舉,臉書依舊是營收大戶 分析師：趁下跌 買進,想做好爸爸 美眾院議長宣布不參選連任,徐乃麟逆向違規全被拍 大嗆狗仔：就是故意不讓他跟到,浩子重返彰中！嘆和尚學校沒妹陪讀,金曲歌后結束宣傳超放縱　自爆喜歡超MAN男星
歡喜得子還宴客　離婚才知父親不是他,認了未婚生女！男星：小生命來的突然,徐乃麟逆向違規全被拍 大嗆狗仔：就是故意不讓他跟到,臉書依舊是營收大戶 分析師：趁下跌 買進,浩子重返彰中！嘆和尚學校沒妹陪讀,金曲歌后結束宣傳超放縱　自爆喜歡超MAN男星
醫龍的痛！髖關節股骨頭壞死，最危險因子是,臉書依舊是營收大戶 分析師：趁下跌 買進,想做好爸爸 美眾院議長宣布不參選連任,徐乃麟逆向違規全被拍 大嗆狗仔：就是故意不讓他跟到,浩子重返彰中！嘆和尚學校沒妹陪讀,金曲歌后結束宣傳超放縱　自爆喜歡超MAN男星
開價百萬要「能揉腰臀」　宛宛兒爆「議員」邀桌邊服務,Albee披婚紗「今天要嫁」！解放美胸露深溝 自嘲會落跑,鍾瑶不排斥跟吳慷仁合作：我的心態很正常,金曲歌后結束宣傳超放縱　自爆喜歡超MAN男星,林志穎開千萬超跑上節目　張菲門口迎接,回應違規紅燈右轉　徐乃麟開嗆狗仔：不讓你跟
Albee披婚紗「今天要嫁」！解放美胸露深溝 自嘲會落跑,開價百萬要「能揉腰臀」　宛宛兒爆「議員」邀桌邊服務,鍾瑶不排斥跟吳慷仁合作：我的心態很正常,金曲歌后結束宣傳超放縱　自爆喜歡超MAN男星,震撼彈！川普當家 美眾院議長宣布不競選連任,林志穎開千萬超跑上節目　張菲門口迎接
金馬奇幻影展明登場 搶票要快好禮莫放,鍾瑶不排斥跟吳慷仁合作：我的心態很正常,認了未婚生女！男星：小生命來的突然,徐乃麟逆向違規全被拍 大嗆狗仔：就是故意不讓他跟到,浩子重返彰中！嘆和尚學校沒妹陪讀,金曲歌后結束宣傳超放縱　自爆喜歡超MAN男星
準台大生扮文青　狂撇「蘿莉控」形象,徐乃麟逆向違規全被拍 大嗆狗仔：就是故意不讓他跟到,想做好爸爸 美眾院議長宣布不參選連任,臉書依舊是營收大戶 分析師：趁下跌 買進,浩子重返彰中！嘆和尚學校沒妹陪讀,金曲歌后結束宣傳超放縱　自爆喜歡超MAN男星
認了未婚生女！男星：小生命來的突然,歡喜得子還宴客　離婚才知父親不是他,鍾瑶不排斥跟吳慷仁合作：我的心態很正常,浩子重返彰中！嘆和尚學校沒妹陪讀,金曲歌后結束宣傳超放縱　自爆喜歡超MAN男星,金馬奇幻影展明登場 搶票要快好禮莫放
